"Status","Start Time","Stop Time","Duration in ms","Parent Suite","Suite","Sub Suite","Test Class","Test Method","Name","Description"
"passed","Sat Dec 12 20:39:35 CST 2020","Sat Dec 12 20:39:35 CST 2020","1","","test_calc","TestCalc","","","test_div[1-2-0.5]",""
"passed","Sat Dec 12 20:39:35 CST 2020","Sat Dec 12 20:39:35 CST 2020","1","","test_calc","TestCalc","","","test_add[1-2-3]",""
"passed","Sat Dec 12 20:39:35 CST 2020","Sat Dec 12 20:39:35 CST 2020","1","","test_calc","TestCalc","","","test_sub[1-2--1]",""
"passed","Sat Dec 12 20:39:35 CST 2020","Sat Dec 12 20:39:35 CST 2020","1","","test_calc","TestCalc","","","test_mul[-5-2--10]",""
"passed","Sat Dec 12 20:39:35 CST 2020","Sat Dec 12 20:39:35 CST 2020","1","","test_calc","TestCalc","","","test_div[18-2-90]",""
"passed","Sat Dec 12 20:39:35 CST 2020","Sat Dec 12 20:39:35 CST 2020","0","","test_calc","TestCalc","","","test_mul[1-2-2]",""
"passed","Sat Dec 12 20:39:35 CST 2020","Sat Dec 12 20:39:35 CST 2020","0","","test_calc","TestCalc","","","test_div[3200-200-16]",""
"passed","Sat Dec 12 20:39:35 CST 2020","Sat Dec 12 20:39:35 CST 2020","0","","test_calc","TestCalc","","","test_sub[-1--2-1]",""
"passed","Sat Dec 12 20:39:35 CST 2020","Sat Dec 12 20:39:35 CST 2020","0","","test_calc","TestCalc","","","test_mul[200-200-40000]",""
"passed","Sat Dec 12 20:39:35 CST 2020","Sat Dec 12 20:39:35 CST 2020","0","","test_calc","TestCalc","","","test_add[100-200-300]",""
"passed","Sat Dec 12 20:39:35 CST 2020","Sat Dec 12 20:39:35 CST 2020","1","","test_calc","TestCalc","","","test_add[-1--2--3]",""
"passed","Sat Dec 12 20:39:35 CST 2020","Sat Dec 12 20:39:35 CST 2020","1","","test_calc","TestCalc","","","test_div[18-2-91]",""
"passed","Sat Dec 12 20:39:35 CST 2020","Sat Dec 12 20:39:35 CST 2020","1","","test_calc","TestCalc","","","test_sub[300-200-100]",""
